Workbook

Sheet Dashboard
A1: ="Skarbnik klasowy – "&'Słowniki i Parametry'!K5&" | rok szkolny "&'Słowniki i Parametry'!K6 -> Skarbnik klasowy – Klasa 5a | rok szkolny 2026/2027
A2: ="Skarbnik: "&'Słowniki i Parametry'!K7 -> Skarbnik: Ewa Mazur | B2: Stan na dzień: | C2: =TODAY() -> 46299
A4: Całkowity budżet | B4: Łączne wpłaty | C4: Łączne wydatki | D4: Aktualne saldo | E4: Ściągalność składek | F4: Zaległości
A5: =B16 -> 3900 | B5: =B11 -> 3495 | C5: =B14 -> 1540.4 | D5: =B15 -> 2254.6 | E5: =B18 -> 0.89102564 | F5: =B17 -> 425
A6: suma wymaganych składek | B6: składki wpłacone przez rodziców | C6: wg Rejestru Wydatków | D6: z saldem pocz. i darowiznami | E6: 1 − zaległości / budżet | F6: suma sald ujemnych
A9: Podsumowanie finansów | B9: Kwota | D9: Status uczniów | E9: Liczba
A10: Saldo początkowe | B10: ='Słowniki i Parametry'!K8 -> 200 | D10: Liczba uczniów | E10: =COUNTA('Uczniowie i Wpłaty'!C6:C35) -> 12
A11: Wpłaty składek od rodziców | B11: =SUM('Uczniowie i Wpłaty'!L6:L35) -> 3495 | D11: Zapłacone | E11: =COUNTIF('Uczniowie i Wpłaty'!N6:N35,"Zapłacone") -> 6
A12: Inne przychody (darowizny, odsetki) | B12: ='Słowniki i Parametry'!K9 -> 100 | D12: Zaległość | E12: =COUNTIF('Uczniowie i Wpłaty'!N6:N35,"Zaległość") -> 5
A13: Razem środki (z saldem początkowym) | B13: =SUM(B10:B12) -> 3795 | D13: Nadpłata | E13: =COUNTIF('Uczniowie i Wpłaty'!N6:N35,"Nadpłata") -> 1
A14: Łączne wydatki | B14: =SUM('Rejestr Wydatków'!E5:E304) -> 1540.4
A15: Aktualne saldo | B15: =B13-B14 -> 2254.6
A16: Planowany budżet (składki wymagane) | B16: =SUM('Uczniowie i Wpłaty'!K6:K35) -> 3900
A17: Zaległości do ściągnięcia | B17: =-SUMIF('Uczniowie i Wpłaty'!M6:M35,"<0") -> 425
A18: Ściągalność składek | B18: =IF(B16=0,0,1-B17/B16) -> 0.89102564
A20: Wydatki wg kategorii
A21: Kategoria | B21: ='Słowniki i Parametry'!E5 -> Gotówka | C21: ='Słowniki i Parametry'!E6 -> Przelew | D21: Razem | E21: % udziału
A22: =IF('Słowniki i Parametry'!A5="","",'Słowniki i Parametry'!A5) -> Wycieczki | B22: =IF($A22="","",SUMIFS('Rejestr Wydatków'!$E$5:$E$304,'Rejestr Wydatków'!$D$5:$D$304,$A22,'Rejestr Wydatków'!$F$5:$F$304,B$21)) -> 0 | C22: =IF($A22="","",SUMIFS('Rejestr Wydatków'!$E$5:$E$304,'Rejestr Wydatków'!$D$5:$D$304,$A22,'Rejestr Wydatków'!$F$5:$F$304,C$21)) -> 1020 | D22: =IF($A22="","",SUMIF('Rejestr Wydatków'!$D$5:$D$304,$A22,'Rejestr Wydatków'!$E$5:$E$304)) -> 1020 | E22: =IF($A22="","",IF($D$30=0,0,D22/$D$30)) -> 0.66216567
A23: =IF('Słowniki i Parametry'!A6="","",'Słowniki i Parametry'!A6) -> Prezenty i drobiazgi | B23: =IF($A23="","",SUMIFS('Rejestr Wydatków'!$E$5:$E$304,'Rejestr Wydatków'!$D$5:$D$304,$A23,'Rejestr Wydatków'!$F$5:$F$304,B$21)) -> 120 | C23: =IF($A23="","",SUMIFS('Rejestr Wydatków'!$E$5:$E$304,'Rejestr Wydatków'!$D$5:$D$304,$A23,'Rejestr Wydatków'!$F$5:$F$304,C$21)) -> 0 | D23: =IF($A23="","",SUMIF('Rejestr Wydatków'!$D$5:$D$304,$A23,'Rejestr Wydatków'!$E$5:$E$304)) -> 120 | E23: =IF($A23="","",IF($D$30=0,0,D23/$D$30)) -> 0.077901844
A24: =IF('Słowniki i Parametry'!A7="","",'Słowniki i Parametry'!A7) -> Materiały naukowe | B24: =IF($A24="","",SUMIFS('Rejestr Wydatków'!$E$5:$E$304,'Rejestr Wydatków'!$D$5:$D$304,$A24,'Rejestr Wydatków'!$F$5:$F$304,B$21)) -> 250.4 | C24: =IF($A24="","",SUMIFS('Rejestr Wydatków'!$E$5:$E$304,'Rejestr Wydatków'!$D$5:$D$304,$A24,'Rejestr Wydatków'!$F$5:$F$304,C$21)) -> 0 | D24: =IF($A24="","",SUMIF('Rejestr Wydatków'!$D$5:$D$304,$A24,'Rejestr Wydatków'!$E$5:$E$304)) -> 250.4 | E24: =IF($A24="","",IF($D$30=0,0,D24/$D$30)) -> 0.16255518
A25: =IF('Słowniki i Parametry'!A8="","",'Słowniki i Parametry'!A8) -> Imprezy klasowe | B25: =IF($A25="","",SUMIFS('Rejestr Wydatków'!$E$5:$E$304,'Rejestr Wydatków'!$D$5:$D$304,$A25,'Rejestr Wydatków'!$F$5:$F$304,B$21)) -> 0 | C25: =IF($A25="","",SUMIFS('Rejestr Wydatków'!$E$5:$E$304,'Rejestr Wydatków'!$D$5:$D$304,$A25,'Rejestr Wydatków'!$F$5:$F$304,C$21)) -> 0 | D25: =IF($A25="","",SUMIF('Rejestr Wydatków'!$D$5:$D$304,$A25,'Rejestr Wydatków'!$E$5:$E$304)) -> 0 | E25: =IF($A25="","",IF($D$30=0,0,D25/$D$30)) -> 0
A26: =IF('Słowniki i Parametry'!A9="","",'Słowniki i Parametry'!A9) -> Fundusz klasowy | B26: =IF($A26="","",SUMIFS('Rejestr Wydatków'!$E$5:$E$304,'Rejestr Wydatków'!$D$5:$D$304,$A26,'Rejestr Wydatków'!$F$5:$F$304,B$21)) -> 0 | C26: =IF($A26="","",SUMIFS('Rejestr Wydatków'!$E$5:$E$304,'Rejestr Wydatków'!$D$5:$D$304,$A26,'Rejestr Wydatków'!$F$5:$F$304,C$21)) -> 150 | D26: =IF($A26="","",SUMIF('Rejestr Wydatków'!$D$5:$D$304,$A26,'Rejestr Wydatków'!$E$5:$E$304)) -> 150 | E26: =IF($A26="","",IF($D$30=0,0,D26/$D$30)) -> 0.097377305
A27: =IF('Słowniki i Parametry'!A10="","",'Słowniki i Parametry'!A10) -> Inne | B27: =IF($A27="","",SUMIFS('Rejestr Wydatków'!$E$5:$E$304,'Rejestr Wydatków'!$D$5:$D$304,$A27,'Rejestr Wydatków'!$F$5:$F$304,B$21)) -> 0 | C27: =IF($A27="","",SUMIFS('Rejestr Wydatków'!$E$5:$E$304,'Rejestr Wydatków'!$D$5:$D$304,$A27,'Rejestr Wydatków'!$F$5:$F$304,C$21)) -> 0 | D27: =IF($A27="","",SUMIF('Rejestr Wydatków'!$D$5:$D$304,$A27,'Rejestr Wydatków'!$E$5:$E$304)) -> 0 | E27: =IF($A27="","",IF($D$30=0,0,D27/$D$30)) -> 0
A28: =IF('Słowniki i Parametry'!A11="","",'Słowniki i Parametry'!A11) | B28: =IF($A28="","",SUMIFS('Rejestr Wydatków'!$E$5:$E$304,'Rejestr Wydatków'!$D$5:$D$304,$A28,'Rejestr Wydatków'!$F$5:$F$304,B$21)) | C28: =IF($A28="","",SUMIFS('Rejestr Wydatków'!$E$5:$E$304,'Rejestr Wydatków'!$D$5:$D$304,$A28,'Rejestr Wydatków'!$F$5:$F$304,C$21)) | D28: =IF($A28="","",SUMIF('Rejestr Wydatków'!$D$5:$D$304,$A28,'Rejestr Wydatków'!$E$5:$E$304)) | E28: =IF($A28="","",IF($D$30=0,0,D28/$D$30))
A29: =IF('Słowniki i Parametry'!A12="","",'Słowniki i Parametry'!A12) | B29: =IF($A29="","",SUMIFS('Rejestr Wydatków'!$E$5:$E$304,'Rejestr Wydatków'!$D$5:$D$304,$A29,'Rejestr Wydatków'!$F$5:$F$304,B$21)) | C29: =IF($A29="","",SUMIFS('Rejestr Wydatków'!$E$5:$E$304,'Rejestr Wydatków'!$D$5:$D$304,$A29,'Rejestr Wydatków'!$F$5:$F$304,C$21)) | D29: =IF($A29="","",SUMIF('Rejestr Wydatków'!$D$5:$D$304,$A29,'Rejestr Wydatków'!$E$5:$E$304)) | E29: =IF($A29="","",IF($D$30=0,0,D29/$D$30))
A30: RAZEM | B30: =SUM(B22:B29) -> 370.4 | C30: =SUM(C22:C29) -> 1170 | D30: =SUM(D22:D29) -> 1540.4 | E30: =SUM(E22:E29) -> 1
A31: Kontrola: wydatki bez kategorii | D31: =ROUND(B14-D30,2) -> 0

Sheet Uczniowie i Wpłaty
A1: Lista uczniów i wpłaty
A2: Wpisuj kwoty wpłacone w kolumnach składek (niebieskie). Kolumny K–N liczą się same. Saldo ujemne = zaległość, dodatnie = nadpłata. Zniżka jest odejmowana od sumy wymaganej.
A4: Nr w dzienniku | B4: Imię | C4: Nazwisko | D4: =IF('Słowniki i Parametry'!G5="","",'Słowniki i Parametry'!G5) -> Składka roczna | E4: =IF('Słowniki i Parametry'!G6="","",'Słowniki i Parametry'!G6) -> Wycieczka jesienna | F4: =IF('Słowniki i Parametry'!G7="","",'Słowniki i Parametry'!G7) -> Dzień Edukacji Narodowej | G4: =IF('Słowniki i Parametry'!G8="","",'Słowniki i Parametry'!G8) -> Mikołajki | H4: =IF('Słowniki i Parametry'!G9="","",'Słowniki i Parametry'!G9) -> Wycieczka wiosenna | I4: =IF('Słowniki i Parametry'!G10="","",'Słowniki i Parametry'!G10) -> Inna składka | J4: Zniżka / zwolnienie (zł) | K4: Suma wymagana | L4: Suma wpłacona | M4: Saldo / Zaległość | N4: Status
A5: Stawka domyślna (zł) → | D5: ='Słowniki i Parametry'!H5 -> 150 | E5: ='Słowniki i Parametry'!H6 -> 60 | F5: ='Słowniki i Parametry'!H7 -> 15 | G5: ='Słowniki i Parametry'!H8 -> 20 | H5: ='Słowniki i Parametry'!H9 -> 80 | I5: ='Słowniki i Parametry'!H10 -> 0
A6: 1 | B6: Anna | C6: Kowalska | D6: 150 | E6: 60 | F6: 15 | G6: 20 | H6: 80 | K6: =IF($C6="","",SUM($D$5:$I$5)-$J6) -> 325 | L6: =IF($C6="","",SUM(D6:I6)) -> 325 | M6: =IF($C6="","",ROUND(L6-K6,2)) -> 0 | N6: =IF($C6="","",IF(M6<0,"Zaległość",IF(AND(M6=0,K6>=0),"Zapłacone","Nadpłata"))) -> Zapłacone
A7: 2 | B7: Jan | C7: Nowak | D7: 150 | E7: 60 | F7: 15 | G7: 20 | H7: 40 | K7: =IF($C7="","",SUM($D$5:$I$5)-$J7) -> 325 | L7: =IF($C7="","",SUM(D7:I7)) -> 285 | M7: =IF($C7="","",ROUND(L7-K7,2)) -> -40 | N7: =IF($C7="","",IF(M7<0,"Zaległość",IF(AND(M7=0,K7>=0),"Zapłacone","Nadpłata"))) -> Zaległość
A8: 3 | B8: Piotr | C8: Wiśniewski | D8: 150 | E8: 60 | F8: 15 | G8: 20 | K8: =IF($C8="","",SUM($D$5:$I$5)-$J8) -> 325 | L8: =IF($C8="","",SUM(D8:I8)) -> 245 | M8: =IF($C8="","",ROUND(L8-K8,2)) -> -80 | N8: =IF($C8="","",IF(M8<0,"Zaległość",IF(AND(M8=0,K8>=0),"Zapłacone","Nadpłata"))) -> Zaległość
A9: 4 | B9: Maria | C9: Wójcik | D9: 150 | E9: 60 | F9: 15 | G9: 20 | H9: 80 | K9: =IF($C9="","",SUM($D$5:$I$5)-$J9) -> 325 | L9: =IF($C9="","",SUM(D9:I9)) -> 325 | M9: =IF($C9="","",ROUND(L9-K9,2)) -> 0 | N9: =IF($C9="","",IF(M9<0,"Zaległość",IF(AND(M9=0,K9>=0),"Zapłacone","Nadpłata"))) -> Zapłacone
A10: 5 | B10: Tomasz | C10: Kamiński | D10: 150 | F10: 15 | K10: =IF($C10="","",SUM($D$5:$I$5)-$J10) -> 325 | L10: =IF($C10="","",SUM(D10:I10)) -> 165 | M10: =IF($C10="","",ROUND(L10-K10,2)) -> -160 | N10: =IF($C10="","",IF(M10<0,"Zaległość",IF(AND(M10=0,K10>=0),"Zapłacone","Nadpłata"))) -> Zaległość
A11: 6 | B11: Zofia | C11: Lewandowska | D11: 150 | E11: 60 | F11: 15 | G11: 20 | H11: 100 | K11: =IF($C11="","",SUM($D$5:$I$5)-$J11) -> 325 | L11: =IF($C11="","",SUM(D11:I11)) -> 345 | M11: =IF($C11="","",ROUND(L11-K11,2)) -> 20 | N11: =IF($C11="","",IF(M11<0,"Zaległość",IF(AND(M11=0,K11>=0),"Zapłacone","Nadpłata"))) -> Nadpłata
A12: 7 | B12: Michał | C12: Zieliński | D12: 100 | E12: 60 | F12: 15 | G12: 20 | K12: =IF($C12="","",SUM($D$5:$I$5)-$J12) -> 325 | L12: =IF($C12="","",SUM(D12:I12)) -> 195 | M12: =IF($C12="","",ROUND(L12-K12,2)) -> -130 | N12: =IF($C12="","",IF(M12<0,"Zaległość",IF(AND(M12=0,K12>=0),"Zapłacone","Nadpłata"))) -> Zaległość
A13: 8 | B13: Julia | C13: Szymańska | D13: 150 | E13: 60 | F13: 15 | G13: 20 | H13: 80 | K13: =IF($C13="","",SUM($D$5:$I$5)-$J13) -> 325 | L13: =IF($C13="","",SUM(D13:I13)) -> 325 | M13: =IF($C13="","",ROUND(L13-K13,2)) -> 0 | N13: =IF($C13="","",IF(M13<0,"Zaległość",IF(AND(M13=0,K13>=0),"Zapłacone","Nadpłata"))) -> Zapłacone
A14: 9 | B14: Kacper | C14: Woźniak | D14: 150 | E14: 60 | F14: 15 | G14: 20 | H14: 80 | K14: =IF($C14="","",SUM($D$5:$I$5)-$J14) -> 325 | L14: =IF($C14="","",SUM(D14:I14)) -> 325 | M14: =IF($C14="","",ROUND(L14-K14,2)) -> 0 | N14: =IF($C14="","",IF(M14<0,"Zaległość",IF(AND(M14=0,K14>=0),"Zapłacone","Nadpłata"))) -> Zapłacone
A15: 10 | B15: Natalia | C15: Dąbrowska | D15: 150 | E15: 60 | G15: 20 | H15: 80 | K15: =IF($C15="","",SUM($D$5:$I$5)-$J15) -> 325 | L15: =IF($C15="","",SUM(D15:I15)) -> 310 | M15: =IF($C15="","",ROUND(L15-K15,2)) -> -15 | N15: =IF($C15="","",IF(M15<0,"Zaległość",IF(AND(M15=0,K15>=0),"Zapłacone","Nadpłata"))) -> Zaległość
A16: 11 | B16: Filip | C16: Kozłowski | D16: 150 | E16: 60 | F16: 15 | G16: 20 | H16: 80 | K16: =IF($C16="","",SUM($D$5:$I$5)-$J16) -> 325 | L16: =IF($C16="","",SUM(D16:I16)) -> 325 | M16: =IF($C16="","",ROUND(L16-K16,2)) -> 0 | N16: =IF($C16="","",IF(M16<0,"Zaległość",IF(AND(M16=0,K16>=0),"Zapłacone","Nadpłata"))) -> Zapłacone
A17: 12 | B17: Hanna | C17: Jankowska | D17: 150 | E17: 60 | F17: 15 | G17: 20 | H17: 80 | K17: =IF($C17="","",SUM($D$5:$I$5)-$J17) -> 325 | L17: =IF($C17="","",SUM(D17:I17)) -> 325 | M17: =IF($C17="","",ROUND(L17-K17,2)) -> 0 | N17: =IF($C17="","",IF(M17<0,"Zaległość",IF(AND(M17=0,K17>=0),"Zapłacone","Nadpłata"))) -> Zapłacone
A18: 13 | K18: =IF($C18="","",SUM($D$5:$I$5)-$J18) | L18: =IF($C18="","",SUM(D18:I18)) | M18: =IF($C18="","",ROUND(L18-K18,2)) | N18: =IF($C18="","",IF(M18<0,"Zaległość",IF(AND(M18=0,K18>=0),"Zapłacone","Nadpłata")))
A19: 14 | K19: =IF($C19="","",SUM($D$5:$I$5)-$J19) | L19: =IF($C19="","",SUM(D19:I19)) | M19: =IF($C19="","",ROUND(L19-K19,2)) | N19: =IF($C19="","",IF(M19<0,"Zaległość",IF(AND(M19=0,K19>=0),"Zapłacone","Nadpłata")))
A20: 15 | K20: =IF($C20="","",SUM($D$5:$I$5)-$J20) | L20: =IF($C20="","",SUM(D20:I20)) | M20: =IF($C20="","",ROUND(L20-K20,2)) | N20: =IF($C20="","",IF(M20<0,"Zaległość",IF(AND(M20=0,K20>=0),"Zapłacone","Nadpłata")))
A21: 16 | K21: =IF($C21="","",SUM($D$5:$I$5)-$J21) | L21: =IF($C21="","",SUM(D21:I21)) | M21: =IF($C21="","",ROUND(L21-K21,2)) | N21: =IF($C21="","",IF(M21<0,"Zaległość",IF(AND(M21=0,K21>=0),"Zapłacone","Nadpłata")))
A22: 17 | K22: =IF($C22="","",SUM($D$5:$I$5)-$J22) | L22: =IF($C22="","",SUM(D22:I22)) | M22: =IF($C22="","",ROUND(L22-K22,2)) | N22: =IF($C22="","",IF(M22<0,"Zaległość",IF(AND(M22=0,K22>=0),"Zapłacone","Nadpłata")))
A23: 18 | K23: =IF($C23="","",SUM($D$5:$I$5)-$J23) | L23: =IF($C23="","",SUM(D23:I23)) | M23: =IF($C23="","",ROUND(L23-K23,2)) | N23: =IF($C23="","",IF(M23<0,"Zaległość",IF(AND(M23=0,K23>=0),"Zapłacone","Nadpłata")))
A24: 19 | K24: =IF($C24="","",SUM($D$5:$I$5)-$J24) | L24: =IF($C24="","",SUM(D24:I24)) | M24: =IF($C24="","",ROUND(L24-K24,2)) | N24: =IF($C24="","",IF(M24<0,"Zaległość",IF(AND(M24=0,K24>=0),"Zapłacone","Nadpłata")))
A25: 20 | K25: =IF($C25="","",SUM($D$5:$I$5)-$J25) | L25: =IF($C25="","",SUM(D25:I25)) | M25: =IF($C25="","",ROUND(L25-K25,2)) | N25: =IF($C25="","",IF(M25<0,"Zaległość",IF(AND(M25=0,K25>=0),"Zapłacone","Nadpłata")))
A26: 21 | K26: =IF($C26="","",SUM($D$5:$I$5)-$J26) | L26: =IF($C26="","",SUM(D26:I26)) | M26: =IF($C26="","",ROUND(L26-K26,2)) | N26: =IF($C26="","",IF(M26<0,"Zaległość",IF(AND(M26=0,K26>=0),"Zapłacone","Nadpłata")))
A27: 22 | K27: =IF($C27="","",SUM($D$5:$I$5)-$J27) | L27: =IF($C27="","",SUM(D27:I27)) | M27: =IF($C27="","",ROUND(L27-K27,2)) | N27: =IF($C27="","",IF(M27<0,"Zaległość",IF(AND(M27=0,K27>=0),"Zapłacone","Nadpłata")))
A28: 23 | K28: =IF($C28="","",SUM($D$5:$I$5)-$J28) | L28: =IF($C28="","",SUM(D28:I28)) | M28: =IF($C28="","",ROUND(L28-K28,2)) | N28: =IF($C28="","",IF(M28<0,"Zaległość",IF(AND(M28=0,K28>=0),"Zapłacone","Nadpłata")))
A29: 24 | K29: =IF($C29="","",SUM($D$5:$I$5)-$J29) | L29: =IF($C29="","",SUM(D29:I29)) | M29: =IF($C29="","",ROUND(L29-K29,2)) | N29: =IF($C29="","",IF(M29<0,"Zaległość",IF(AND(M29=0,K29>=0),"Zapłacone","Nadpłata")))
... A35: 30 | K35: =IF($C35="","",SUM($D$5:$I$5)-$J35) | L35: =IF($C35="","",SUM(D35:I35)) | M35: =IF($C35="","",ROUND(L35-K35,2)) | N35: =IF($C35="","",IF(M35<0,"Zaległość",IF(AND(M35=0,K35>=0),"Zapłacone","Nadpłata")))
A37: Suma wpłat na dany cel | D37: =SUM(D6:D35) -> 1750 | E37: =SUM(E6:E35) -> 660 | F37: =SUM(F6:F35) -> 165 | G37: =SUM(G6:G35) -> 220 | H37: =SUM(H6:H35) -> 700 | I37: =SUM(I6:I35) -> 0 | J37: =SUM(J6:J35) -> 0 | K37: =SUM(K6:K35) -> 3900 | ... M37: =SUM(M6:M35) -> -405
A38: Liczba wpłacających | D38: =COUNTIF(D6:D35,">0") -> 12 | E38: =COUNTIF(E6:E35,">0") -> 11 | F38: =COUNTIF(F6:F35,">0") -> 11 | G38: =COUNTIF(G6:G35,">0") -> 11 | H38: =COUNTIF(H6:H35,">0") -> 9 | I38: =COUNTIF(I6:I35,">0") -> 0 | L38: =COUNTIF(L6:L35,">0") -> 12
A39: Średnia wpłata (wśród wpłacających) | D39: =IF(D38=0,0,D37/D38) -> 145.83333 | E39: =IF(E38=0,0,E37/E38) -> 60 | F39: =IF(F38=0,0,F37/F38) -> 15 | G39: =IF(G38=0,0,G37/G38) -> 20 | H39: =IF(H38=0,0,H37/H38) -> 77.777778 | I39: =IF(I38=0,0,I37/I38) -> 0 | L39: =IF(L38=0,0,L37/L38) -> 291.25
A40: % uczniów, którzy wpłacili | D40: =IF(COUNTA($C$6:$C$35)=0,0,D38/COUNTA($C$6:$C$35)) -> 1 | E40: =IF(COUNTA($C$6:$C$35)=0,0,E38/COUNTA($C$6:$C$35)) -> 0.91666667 | F40: =IF(COUNTA($C$6:$C$35)=0,0,F38/COUNTA($C$6:$C$35)) -> 0.91666667 | G40: =IF(COUNTA($C$6:$C$35)=0,0,G38/COUNTA($C$6:$C$35)) -> 0.91666667 | H40: =IF(COUNTA($C$6:$C$35)=0,0,H38/COUNTA($C$6:$C$35)) -> 0.75 | I40: =IF(COUNTA($C$6:$C$35)=0,0,I38/COUNTA($C$6:$C$35)) -> 0 | L40: =IF(COUNTA($C$6:$C$35)=0,0,L38/COUNTA($C$6:$C$35)) -> 1

Sheet Rejestr Wydatków
A1: Rejestr wydatków (księga rozchodów)
A2: Każdy wydatek w osobnym wierszu. Kategoria i Forma płatności – wybierz z listy rozwijanej. Podsumowania po prawej liczą się same.
D3: Razem wydatków: | E3: =SUM(E5:E304) -> 1540.4
A4: Data | B4: Nr dowodu / faktury / paragonu | C4: Opis wydatku | D4: Kategoria | E4: Kwota (zł) | F4: Forma płatności | G4: Osoba rozliczająca | H4: Uwagi | J4: Kategoria | K4: Suma wydatków | L4: % udziału
A5: 46277 | B5: PAR/001/2026 | C5: Bilety wstępu do muzeum – wycieczka jesienna | D5: Wycieczki | E5: 540 | F5: Przelew | G5: Ewa Mazur | J5: =IF('Słowniki i Parametry'!A5="","",'Słowniki i Parametry'!A5) -> Wycieczki | K5: =IF($J5="","",SUMIFS($E$5:$E$304,$D$5:$D$304,$J5)) -> 1020 | L5: =IF($J5="","",IF($K$13=0,0,K5/$K$13)) -> 0.66216567
A6: 46277 | B6: FV 88/09/2026 | C6: Autokar – wycieczka jesienna | D6: Wycieczki | E6: 480 | F6: Przelew | G6: Ewa Mazur | H6: Faktura w teczce | J6: =IF('Słowniki i Parametry'!A6="","",'Słowniki i Parametry'!A6) -> Prezenty i drobiazgi | K6: =IF($J6="","",SUMIFS($E$5:$E$304,$D$5:$D$304,$J6)) -> 120 | L6: =IF($J6="","",IF($K$13=0,0,K6/$K$13)) -> 0.077901844
A7: 46285 | B7: Par. 4521 | C7: Zeszyty i pomoce naukowe do klasy | D7: Materiały naukowe | E7: 185.5 | F7: Gotówka | G7: Ewa Mazur | J7: =IF('Słowniki i Parametry'!A7="","",'Słowniki i Parametry'!A7) -> Materiały naukowe | K7: =IF($J7="","",SUMIFS($E$5:$E$304,$D$5:$D$304,$J7)) -> 250.4 | L7: =IF($J7="","",IF($K$13=0,0,K7/$K$13)) -> 0.16255518
A8: 46296 | B8: Par. 7730 | C8: Kwiaty i upominki na Dzień Edukacji Narodowej | D8: Prezenty i drobiazgi | E8: 120 | F8: Gotówka | G8: Ewa Mazur | J8: =IF('Słowniki i Parametry'!A8="","",'Słowniki i Parametry'!A8) -> Imprezy klasowe | K8: =IF($J8="","",SUMIFS($E$5:$E$304,$D$5:$D$304,$J8)) -> 0 | L8: =IF($J8="","",IF($K$13=0,0,K8/$K$13)) -> 0
A9: 46297 | B9: Par. 7791 | C9: Papier, flamastry, tablica korkowa | D9: Materiały naukowe | E9: 64.9 | F9: Gotówka | G9: Ewa Mazur | J9: =IF('Słowniki i Parametry'!A9="","",'Słowniki i Parametry'!A9) -> Fundusz klasowy | K9: =IF($J9="","",SUMIFS($E$5:$E$304,$D$5:$D$304,$J9)) -> 150 | L9: =IF($J9="","",IF($K$13=0,0,K9/$K$13)) -> 0.097377305
A10: 46298 | B10: PAR/002/2026 | C10: Wpłata na fundusz klasowy – wspólne wydatki | D10: Fundusz klasowy | E10: 150 | F10: Przelew | G10: Ewa Mazur | J10: =IF('Słowniki i Parametry'!A10="","",'Słowniki i Parametry'!A10) -> Inne | K10: =IF($J10="","",SUMIFS($E$5:$E$304,$D$5:$D$304,$J10)) -> 0 | L10: =IF($J10="","",IF($K$13=0,0,K10/$K$13)) -> 0
J11: =IF('Słowniki i Parametry'!A11="","",'Słowniki i Parametry'!A11) | K11: =IF($J11="","",SUMIFS($E$5:$E$304,$D$5:$D$304,$J11)) | L11: =IF($J11="","",IF($K$13=0,0,K11/$K$13))
J12: =IF('Słowniki i Parametry'!A12="","",'Słowniki i Parametry'!A12) | K12: =IF($J12="","",SUMIFS($E$5:$E$304,$D$5:$D$304,$J12)) | L12: =IF($J12="","",IF($K$13=0,0,K12/$K$13))
J13: RAZEM wg kategorii | K13: =SUM(K5:K12) -> 1540.4 | L13: =SUM(L5:L12) -> 1
J14: Kontrola: wydatki bez kategorii | K14: =ROUND(E3-K13,2) -> 0
J16: Forma płatności | K16: Suma wydatków | L16: % udziału
J17: =IF('Słowniki i Parametry'!E5="","",'Słowniki i Parametry'!E5) -> Gotówka | K17: =IF($J17="","",SUMIF($F$5:$F$304,$J17,$E$5:$E$304)) -> 370.4 | L17: =IF($J17="","",IF($E$3=0,0,K17/$E$3)) -> 0.24045702
J18: =IF('Słowniki i Parametry'!E6="","",'Słowniki i Parametry'!E6) -> Przelew | K18: =IF($J18="","",SUMIF($F$5:$F$304,$J18,$E$5:$E$304)) -> 1170 | L18: =IF($J18="","",IF($E$3=0,0,K18/$E$3)) -> 0.75954298
J19: =IF('Słowniki i Parametry'!E7="","",'Słowniki i Parametry'!E7) | K19: =IF($J19="","",SUMIF($F$5:$F$304,$J19,$E$5:$E$304)) | L19: =IF($J19="","",IF($E$3=0,0,K19/$E$3))
J20: =IF('Słowniki i Parametry'!E8="","",'Słowniki i Parametry'!E8) | K20: =IF($J20="","",SUMIF($F$5:$F$304,$J20,$E$5:$E$304)) | L20: =IF($J20="","",IF($E$3=0,0,K20/$E$3))

Sheet Słowniki i Parametry
A1: Słowniki i parametry
A2: Niebieskie komórki możesz zmieniać – cały skoroszyt (listy rozwijane, stawki, Dashboard) zaktualizuje się automatycznie. Wartości są przykładowe.
A4: Kategorie wydatków | C4: Kategorie przychodów | E4: Formy płatności | G4: Nazwa składki | H4: Domyślna stawka (zł) | J4: Parametr | K4: Wartość
A5: Wycieczki | C5: Składki rodziców | E5: Gotówka | G5: Składka roczna | H5: 150 | J5: Klasa / szkoła | K5: Klasa 5a
A6: Prezenty i drobiazgi | C6: Darowizny | E6: Przelew | G6: Wycieczka jesienna | H6: 60 | J6: Rok szkolny | K6: 2026/2027
A7: Materiały naukowe | C7: Odsetki bankowe | G7: Dzień Edukacji Narodowej | H7: 15 | J7: Skarbnik | K7: Ewa Mazur
A8: Imprezy klasowe | C8: Inne przychody | G8: Mikołajki | H8: 20 | J8: Saldo początkowe (zł) | K8: 200
A9: Fundusz klasowy | G9: Wycieczka wiosenna | H9: 80 | J9: Inne przychody – darowizny, odsetki (zł) | K9: 100
A10: Inne | G10: Inna składka | H10: 0
A15: Uwaga: stawki ze słownika zasilają wiersz 'Stawka' w zakładce 'Uczniowie i Wpłaty'. Zmiana stawki przelicza 'Sumę wymaganą' wszystkich uczniów.
